hour,时段,1-10(20)千伏(元/kWh),35千伏(元/kWh),110千伏(元/kWh),220千伏及以上(元/kWh)
0,谷,0.406861,,,
1,谷,0.406861,,,
2,谷,0.406861,,,
3,谷,0.406861,,,
4,谷,0.406861,,,
5,谷,0.406861,,,
6,平,0.715506,,,
7,平,0.715506,,,
8,平,0.715506,,,
9,平,0.715506,,,
10,平,0.715506,,,
11,谷,0.406861,,,
12,谷,0.406861,,,
13,谷,0.406861,,,
14,平,0.715506,,,
15,平,0.715506,,,
16,平,0.715506,,,
17,平,0.715506,,,
18,峰,1.119551,,,
19,峰,1.119551,,,
20,峰,1.119551,,,
21,峰,1.119551,,,
22,峰,1.119551,,,
23,峰,1.119551,,,
