hour,时段,1-10(20)千伏(元/kWh),35千伏(元/kWh),110千伏(元/kWh),220千伏及以上(元/kWh)
0,谷,0.089970,,,
1,谷,0.089970,,,
2,谷,0.089970,,,
3,谷,0.089970,,,
4,谷,0.089970,,,
5,谷,0.089970,,,
6,谷,0.089970,,,
7,平,0.405266,,,
8,平,0.405266,,,
9,平,0.405266,,,
10,平,0.405266,,,
11,平,0.405266,,,
12,平,0.405266,,,
13,平,0.405266,,,
14,平,0.405266,,,
15,平,0.405266,,,
16,峰,0.818018,,,
17,峰,0.818018,,,
18,峰,0.818018,,,
19,峰,0.818018,,,
20,尖峰,1.015221,,,
21,尖峰,1.015221,,,
22,尖峰,1.015221,,,
23,峰,0.818018,,,
